Workbook

Sheet raw_data
A1: Raw sockeye salmon counts; includes all count types, all maturity types.
H3: =(SUM(B16:F16,H16:AI16)*SUM(G17:G120,G7:G15))/SUM(B7:F120,H7:AI120,G7:G15,G17:G120) -> 0.053746436
A4: DAILY:
A5: Date | B5: 1988 | C5: 1989 | D5: 1990 | E5: 1991 | F5: 1992 | G5: 1993 | H5: 1994 | I5: 1995 | J5: 1996 | K5: 1997 | L5: 1998 | M5: 1999 | N5: 2000 | O5: 2001 | P5: 2002 | Q5: 2003 | R5: 2004 | S5: 2005 | T5: 2006 | U5: 2007 | V5: 2008 | W5: 2009 | X5: 2010 | Y5: 2011 | Z5: 2012 | AA5: 2013 | AB5: 2014 | AC5: 2015 | AD5: 2016 | AE5: 2017 | AF5: 2018 | AG5: 2019 | AH5: 2020 | AI5: 2021
A6: 121 | Q6: 0 | S6: 0 | T6: 0
A7: 122 | F7: 0 | O7: 0 | Q7: 0 | S7: 0 | T7: 0 | AD7: 0 | AI7: 0
A8: 123 | F8: 0 | O8: 0 | Q8: 0 | S8: 0 | T8: 0 | AD8: 0 | AI8: 0
A9: 124 | F9: 0 | L9: 0 | O9: 0 | Q9: 0 | S9: 0 | T9: 0 | AD9: 0 | AI9: 0
A10: 125 | F10: 0 | K10: 0 | L10: 0 | O10: 0 | Q10: 0 | S10: 0 | T10: 0 | AD10: 0 | AG10: 0 | AI10: 0
A11: 126 | F11: 0 | K11: 0 | L11: 0 | O11: 0 | Q11: 0 | S11: 0 | T11: 0 | Y11: 0 | AB11: 0 | AD11: 0 | AE11: 0 | AG11: 0 | AI11: 0
A12: 127 | F12: 0 | J12: 0 | K12: 0 | L12: 0 | O12: 0 | Q12: 0 | S12: 0 | T12: 0 | Y12: 0 | AB12: 0 | AC12: 0 | AD12: 0 | AE12: 0 | AG12: 0 | AI12: 0
A13: 128 | D13: 0 | F13: 0 | I13: 0 | J13: 0 | K13: 0 | L13: 0 | O13: 0 | Q13: 0 | S13: 0 | T13: 0 | X13: 0 | Y13: 0 | AB13: 0 | AC13: 0 | AD13: 0 | AE13: 0 | AG13: 0 | AI13: 0
A14: 129 | D14: 0 | E14: 0 | F14: 0 | I14: 0 | J14: 0 | K14: 0 | L14: 0 | M14: 0 | N14: 0 | O14: 0 | Q14: 0 | R14: 0 | S14: 0 | T14: 0 | W14: 0 | X14: 0 | Y14: 0 | AB14: 0 | AC14: 0 | AD14: 0 | AE14: 0 | AG14: 0 | AI14: 0
A15: 130 | D15: 0 | E15: 0 | F15: 0 | I15: 0 | J15: 0 | K15: 0 | L15: 0 | M15: 0 | N15: 0 | O15: 0 | P15: 0 | Q15: 0 | R15: 0 | S15: 0 | T15: 0 | U15: 0 | W15: 0 | X15: 0 | Y15: 0 | AB15: 1 | AC15: 0 | AD15: 0 | AE15: 0 | AG15: 0 | AI15: 0 | AJ15: =SUM(B15:AI15)/SUM(B120:AI120) -> 4.3267136e-07
A16: 131 | D16: 0 | E16: 0 | F16: 0 | I16: 0 | J16: 0 | K16: 0 | L16: 0 | M16: 0 | N16: 0 | O16: 0 | P16: 0 | Q16: 0 | R16: 0 | S16: 0 | T16: 0 | U16: 0 | V16: 0 | W16: 0 | X16: 0 | Y16: 0 | AB16: 2 | AC16: 0 | AD16: 0 | AE16: 0 | AG16: 0 | AI16: 0
A17: 132 | D17: 0 | E17: 0 | F17: 0 | I17: 0 | J17: 0 | K17: 0 | L17: 0 | M17: 0 | N17: 0 | O17: 0 | P17: 0 | Q17: 0 | R17: 0 | S17: 0 | T17: 0 | U17: 0 | V17: 0 | W17: 0 | X17: 0 | Y17: 0 | AB17: 1 | AC17: 0 | AD17: 0 | AE17: 0 | AG17: 0 | AI17: 0
A18: 133 | D18: 0 | E18: 0 | F18: 0 | I18: 0 | J18: 0 | K18: 0 | L18: 0 | M18: 0 | N18: 0 | O18: 0 | P18: 0 | Q18: 0 | R18: 0 | S18: 0 | T18: 0 | U18: 0 | V18: 0 | W18: 0 | X18: 0 | Y18: 0 | AB18: 0 | AC18: 0 | AD18: 0 | AE18: 0 | AG18: 0 | AI18: 0
A19: 134 | D19: 0 | E19: 0 | F19: 0 | I19: 0 | J19: 0 | K19: 0 | L19: 0 | M19: 0 | N19: 0 | O19: 0 | P19: 0 | Q19: 0 | R19: 0 | S19: 0 | T19: 0 | U19: 0 | V19: 0 | W19: 0 | X19: 0 | Y19: 0 | AB19: 1 | AC19: 0 | AD19: 0 | AE19: 0 | AG19: 0 | AH19: 0 | AI19: 0
A20: 135 | D20: 0 | E20: 0 | F20: 0 | I20: 0 | J20: 0 | K20: 0 | L20: 0 | M20: 0 | N20: 0 | O20: 0 | P20: 0 | Q20: 0 | R20: 0 | S20: 0 | T20: 0 | U20: 0 | V20: 0 | W20: 0 | X20: 0 | Y20: 3 | AB20: 0 | AC20: 0 | AD20: 0 | AE20: 0 | AG20: 0 | AH20: 0 | AI20: 0
A21: 136 | D21: 0 | E21: 0 | F21: 0 | I21: 0 | J21: 0 | K21: 0 | L21: 0 | M21: 0 | N21: 0 | O21: 0 | P21: 0 | Q21: 0 | R21: 0 | S21: 0 | T21: 0 | U21: 0 | V21: 0 | W21: 5 | X21: 0 | Y21: 0 | AB21: 0 | AC21: 0 | AD21: 0 | AE21: 0 | AG21: 0 | AH21: 0 | AI21: 0
A22: 137 | D22: 0 | E22: 0 | F22: 0 | I22: 0 | J22: 0 | K22: 0 | L22: 0 | M22: 0 | N22: 0 | O22: 0 | P22: 0 | Q22: 0 | R22: 0 | S22: 0 | T22: 0 | U22: 0 | V22: 0 | W22: 0 | X22: 0 | Y22: 0 | AB22: 2 | AC22: 0 | AD22: 0 | AE22: 0 | AG22: 0 | AH22: 0 | AI22: 0
A23: 138 | D23: 0 | E23: 0 | F23: 0 | I23: 0 | J23: 0 | K23: 0 | L23: 0 | M23: 0 | N23: 0 | O23: 0 | P23: 0 | Q23: 0 | R23: 0 | S23: 0 | T23: 0 | U23: 0 | V23: 0 | W23: 0 | X23: 0 | Y23: 0 | AB23: 0 | AC23: 0 | AD23: 0 | AE23: 0 | AG23: 0 | AH23: 0 | AI23: 0
A24: 139 | D24: 0 | E24: 0 | F24: 0 | I24: 0 | J24: 0 | K24: 0 | L24: 0 | M24: 0 | N24: 0 | O24: 0 | P24: 0 | Q24: 0 | R24: 0 | S24: 0 | T24: 0 | U24: 0 | V24: 0 | W24: 0 | X24: 0 | Y24: 0 | Z24: 0 | AB24: 0 | AC24: 0 | AD24: 0 | AE24: 0 | AG24: 0 | AH24: 0 | AI24: 0
A25: 140 | D25: 0 | E25: 0 | F25: 0 | I25: 0 | J25: 0 | K25: 0 | L25: 0 | M25: 0 | N25: 0 | O25: 0 | P25: 0 | Q25: 0 | R25: 0 | S25: 0 | T25: 0 | U25: 0 | V25: 0 | W25: 0 | X25: 0 | Y25: 0 | Z25: 0 | AB25: 0 | AC25: 0 | AD25: 1 | AE25: 0 | AG25: 0 | AH25: 0 | AI25: 0
A26: 141 | D26: 0 | E26: 0 | F26: 0 | H26: 0 | I26: 0 | J26: 0 | K26: 0 | L26: 0 | M26: 0 | N26: 0 | O26: 0 | P26: 0 | Q26: 0 | R26: 0 | S26: 0 | T26: 0 | U26: 0 | V26: 0 | W26: 0 | X26: 0 | Y26: 0 | Z26: 0 | AB26: 4 | AC26: 0 | AD26: 0 | AE26: 0 | AG26: 0 | AH26: 0 | AI26: 0
A27: 142 | D27: 0 | E27: 0 | F27: 0 | H27: 0 | I27: 0 | J27: 0 | K27: 0 | L27: 0 | M27: 0 | N27: 0 | O27: 0 | P27: 0 | Q27: 0 | R27: 0 | S27: 0 | T27: 0 | U27: 0 | V27: 0 | W27: 0 | X27: 0 | Y27: 0 | Z27: 0 | AB27: 0 | AC27: 2 | AD27: 0 | AE27: 0 | AG27: 0 | AH27: 0 | AI27: 0
A28: 143 | D28: 0 | E28: 0 | F28: 0 | H28: 0 | I28: 0 | J28: 0 | K28: 0 | L28: 0 | M28: 0 | N28: 0 | O28: 0 | P28: 0 | Q28: 0 | R28: 0 | S28: 0 | T28: 0 | U28: 0 | V28: 0 | W28: 0 | X28: 0 | Y28: 0 | Z28: 0 | AA28: 0 | AB28: 0 | AC28: 0 | AD28: 0 | AE28: 0 | AF28: 0 | AG28: 0 | AH28: 0 | AI28: 0
A29: 144 | D29: 0 | E29: 0 | F29: 0 | H29: 0 | I29: 0 | J29: 0 | K29: 0 | L29: 0 | M29: 0 | N29: 0 | O29: 0 | P29: 0 | Q29: 0 | R29: 0 | S29: 0 | T29: 0 | U29: 0 | V29: 0 | W29: 0 | X29: 0 | Y29: 0 | Z29: 0 | AA29: 0 | AB29: 0 | AC29: 1 | AD29: 0 | AE29: 0 | AF29: 0 | AG29: 0 | AH29: 0 | AI29: 0
A30: 145 | D30: 0 | E30: 0 | F30: 0 | H30: 0 | I30: 0 | J30: 0 | K30: 0 | L30: 3 | M30: 0 | N30: 0 | O30: 3 | P30: 0 | Q30: 0 | R30: 0 | S30: 154 | T30: 0 | U30: 0 | V30: 0 | W30: 0 | X30: 0 | Y30: 0 | Z30: 0 | AA30: 0 | AB30: 0 | AC30: 0 | AD30: 0 | AE30: 3 | AF30: 0 | AG30: 0 | AH30: 0 | AI30: 0
A31: 146 | C31: 0 | D31: 0 | E31: 0 | F31: 0 | H31: 0 | I31: 0 | J31: 0 | K31: 0 | L31: 8 | M31: 0 | N31: 0 | O31: 2 | P31: 0 | Q31: 0 | R31: 0 | S31: 57 | T31: 0 | U31: 0 | V31: 0 | W31: 0 | X31: 0 | Y31: 0 | Z31: 0 | AA31: 5 | AB31: 0 | AC31: 3 | AD31: 0 | AE31: 91 | AF31: 0 | AG31: 0 | AH31: 0 | AI31: 0
A32: 147 | C32: 0 | D32: 0 | E32: 0 | F32: 0 | H32: 0 | I32: 0 | J32: 0 | K32: 0 | L32: 0 | M32: 0 | N32: 0 | O32: 11 | P32: 2 | Q32: 3 | R32: 0 | S32: 1028 | T32: 0 | U32: 0 | V32: 0 | W32: 0 | X32: 0 | Y32: 3 | Z32: 0 | AA32: 0 | AB32: 0 | AC32: 8 | AD32: 0 | AE32: 19 | AF32: 0 | AG32: 0 | AH32: 0 | AI32: 0
A33: 148 | C33: 0 | D33: 0 | E33: 0 | F33: 0 | H33: 0 | I33: 1 | J33: 0 | K33: 0 | L33: 0 | M33: 0 | N33: 0 | O33: 0 | P33: 2 | Q33: 9 | R33: 0 | S33: 101 | T33: 0 | U33: 0 | V33: 0 | W33: 0 | X33: 0 | Y33: 7 | Z33: 0 | AA33: 0 | AB33: 1 | AC33: 5 | AD33: 0 | AE33: 201 | AF33: 0 | AG33: 0 | AH33: 0 | AI33: 5
A34: 149 | C34: 0 | D34: 0 | E34: 0 | F34: 4 | H34: 0 | I34: 0 | J34: 0 | K34: 0 | L34: 0 | M34: 0 | N34: 0 | O34: 6 | P34: 0 | Q34: 0 | R34: 0 | S34: 727 | T34: 0 | U34: 0 | V34: 0 | W34: 0 | X34: 1 | Y34: 0 | Z34: 0 | AA34: 11 | AB34: 0 | AC34: 3 | AD34: 0 | AE34: 1 | AF34: 0 | AG34: 0 | AH34: 0 | AI34: 0
A35: 150 | C35: 0 | D35: 0 | E35: 0 | F35: 5 | H35: 7 | I35: 2 | J35: 0 | K35: 0 | L35: 0 | M35: 0 | N35: 1 | O35: 13 | P35: 5 | Q35: 15 | R35: 3 | S35: 946 | T35: 0 | U35: 1 | V35: 0 | W35: 0 | X35: 0 | Y35: 0 | Z35: 0 | AA35: 425 | AB35: 0 | AC35: 3 | AD35: 0 | AE35: 7 | AF35: 1 | AG35: 0 | AH35: 0 | AI35: 0
A36: 151 | C36: 11 | D36: 0 | E36: 0 | F36: 14 | H36: 14 | I36: 0 | J36: 0 | K36: 0 | L36: 10 | M36: 0 | N36: 1 | O36: 0 | P36: 19 | Q36: 8 | R36: 4 | S36: 741 | T36: 0 | U36: 0 | V36: 0 | W36: 5 | X36: 0 | Y36: 5 | Z36: 1 | AA36: 68 | AB36: 0 | AC36: 1 | AD36: 0 | AE36: 69 | AF36: 0 | AG36: 0 | AH36: 0 | AI36: 0
A37: 152 | C37: 5 | D37: 5 | E37: 0 | F37: 2 | H37: 9 | I37: 0 | J37: 0 | K37: 197 | L37: 9 | M37: 0 | N37: 0 | O37: 172 | P37: 28 | Q37: 1 | R37: 0 | S37: 1072 | T37: 0 | U37: 0 | V37: 0 | W37: 1311 | X37: 0 | Y37: 81 | Z37: 1 | AA37: 38 | AB37: 0 | AC37: 2 | AD37: 0 | AE37: 1719 | AF37: 0 | AG37: 1 | AH37: 0 | AI37: 0
A38: 153 | C38: 6 | D38: 1 | E38: 0 | F38: 2 | H38: 17 | I38: 0 | J38: 0 | K38: 344 | L38: 23 | M38: 3 | N38: 0 | O38: 5 | P38: 57 | Q38: 300 | R38: 7 | S38: 688 | T38: 0 | U38: 3 | V38: 0 | W38: 826 | X38: 2 | Y38: 1 | Z38: 1 | AA38: 265 | AB38: 0 | AC38: 0 | AD38: 0 | AE38: 4312 | AF38: 0 | AG38: 6 | AH38: 0 | AI38: 0
A39: 154 | C39: 7 | D39: 8 | E39: 0 | F39: 4 | H39: 16 | I39: 0 | J39: 0 | K39: 198 | L39: 0 | M39: 3 | N39: 0 | O39: 11 | P39: 0 | Q39: 183 | R39: 22 | S39: 1266 | T39: 0 | U39: 4 | V39: 0 | W39: 368 | X39: 4 | Y39: 10 | Z39: 0 | AA39: 11 | AB39: 0 | AC39: 0 | AD39: 0 | AE39: 3435 | AF39: 2 | AG39: 0 | AH39: 1 | AI39: 0
A40: 155 | C40: 33 | D40: 4 | E40: 0 | F40: 6 | H40: 69 | I40: 11 | J40: 0 | K40: 0 | L40: 14 | M40: 1 | N40: 0 | O40: 0 | P40: 110 | Q40: 355 | R40: 0 | S40: 332 | T40: 0 | U40: 3 | V40: 0 | W40: 1370 | X40: 0 | Y40: 18 | Z40: 0 | AA40: 257 | AB40: 0 | AC40: 0 | AD40: 0 | AE40: 114 | AF40: 0 | AG40: 3 | AH40: 0 | AI40: 0
A41: 156 | C41: 77 | D41: 5 | E41: 0 | F41: 7 | H41: 40 | I41: 15 | J41: 0 | K41: 0 | L41: 21 | M41: 16 | N41: 4 | O41: 98 | P41: 126 | Q41: 7 | R41: 61 | S41: 1753 | T41: 0 | U41: 6 | V41: 0 | W41: 66 | X41: 25 | Y41: 4 | Z41: 0 | AA41: 1220 | AB41: 0 | AC41: 0 | AD41: 0 | AE41: 1429 | AF41: 0 | AG41: 1 | AH41: 0 | AI41: 0
A42: 157 | C42: 0 | D42: 4 | E42: 0 | F42: 21 | H42: 90 | I42: 6 | J42: 4 | K42: 609 | L42: 34 | M42: 1 | N42: 0 | O42: 562 | P42: 0 | Q42: 1146 | R42: 247 | S42: 1241 | T42: 0 | U42: 256 | V42: 0 | W42: 186 | X42: 34 | Y42: 9 | Z42: 0 | AA42: 534 | AB42: 0 | AC42: 0 | AD42: 0 | AE42: 3636 | AF42: 0 | AG42: 8 | AH42: 0 | AI42: 2
A43: 158 | C43: 5 | D43: 17 | E43: 0 | F43: 17 | H43: 12 | I43: 0 | J43: 2 | K43: 6 | L43: 13 | M43: 11 | N43: 5 | O43: 709 | P43: 274 | Q43: 70 | R43: 87 | S43: 910 | T43: 35 | U43: 8 | V43: 0 | W43: 624 | X43: 0 | Y43: 17 | Z43: 1 | AA43: 658 | AB43: 0 | AC43: 0 | AD43: 35 | AE43: 86 | AF43: 0 | AG43: 1094 | AH43: 0 | AI43: 0
A44: 159 | B44: 2 | C44: 2 | D44: 0 | E44: 0 | F44: 13 | H44: 185 | I44: 0 | J44: 1 | K44: 184 | L44: 2 | M44: 0 | N44: 35 | O44: 1459 | P44: 5 | Q44: 174 | R44: 39 | S44: 1309 | T44: 0 | U44: 0 | V44: 0 | W44: 390 | X44: 36 | Y44: 40 | Z44: 0 | AA44: 1862 | AB44: 2 | AC44: 3 | AD44: 0 | AE44: 326 | AF44: 0 | AG44: 2 | AH44: 0 | AI44: 0
A45: 160 | B45: 0 | C45: 0 | D45: 15 | E45: 0 | F45: 31 | H45: 2 | I45: 121 | J45: 6 | K45: 1191 | L45: 16 | M45: 0 | N45: 2 | O45: 496 | P45: 541 | Q45: 960 | R45: 751 | S45: 1353 | T45: 1 | U45: 11 | V45: 0 | W45: 307 | X45: 200 | Y45: 2 | Z45: 4 | AA45: 786 | AB45: 33 | AC45: 0 | AD45: 0 | AE45: 122 | AF45: 2 | AG45: 3 | AH45: 1 | AI45: 0
A46: 161 | B46: 0 | C46: 5 | D46: 2 | E46: 2 | F46: 40 | G46: 373 | H46: 307 | I46: 5 | J46: 0 | K46: 3 | L46: 0 | M46: 0 | N46: 171 | O46: 796 | P46: 783 | Q46: 414 | R46: 3 | S46: 608 | T46: 0 | U46: 247 | V46: 0 | W46: 289 | X46: 206 | Y46: 337 | Z46: 1 | AA46: 1260 | AB46: 955 | AC46: 42 | AD46: 0 | AE46: 417 | AF46: 9 | AG46: 637 | AH46: 0 | AI46: 0
A47: 162 | B47: 1 | C47: 947 | D47: 1 | E47: 0 | F47: 82 | G47: 24 | H47: 21 | I47: 24 | J47: 0 | K47: 0 | L47: 301 | M47: 0 | N47: 547 | O47: 178 | P47: 42 | Q47: 453 | R47: 163 | S47: 307 | T47: 0 | U47: 152 | V47: 0 | W47: 535 | X47: 0 | Y47: 339 | Z47: 1 | AA47: 1658 | AB47: 244 | AC47: 424 | AD47: 0 | AE47: 123 | AF47: 1 | AG47: 0 | AH47: 0 | AI47: 37
A48: 163 | B48: 1 | C48: 675 | D48: 0 | E48: 3 | F48: 136 | G48: 53 | H48: 393 | I48: 0 | J48: 0 | K48: 22 | L48: 744 | M48: 10 | N48: 0 | O48: 3 | P48: 288 | Q48: 65 | R48: 138 | S48: 498 | T48: 443 | U48: 3 | V48: 0 | W48: 21 | X48: 0 | Y48: 45 | Z48: 0 | AA48: 2970 | AB48: 484 | AC48: 32 | AD48: 0 | AE48: 2011 | AF48: 9 | AG48: 518 | AH48: 0 | AI48: 16
A49: 164 | B49: 0 | C49: 252 | D49: 87 | E49: 111 | F49: 199 | G49: 597 | H49: 19 | I49: 0 | J49: 0 | K49: 90 | L49: 809 | M49: 431 | N49: 0 | O49: 0 | P49: 0 | Q49: 104 | R49: 324 | S49: 528 | T49: 30 | U49: 0 | V49: 5 | W49: 228 | X49: 1042 | Y49: 2 | Z49: 0 | AA49: 13 | AB49: 1464 | AC49: 571 | AD49: 0 | AE49: 3000 | AF49: 3 | AG49: 22 | AH49: 0 | AI49: 5
A50: 165 | B50: 0 | C50: 226 | D50: 263 | E50: 0 | F50: 166 | G50: 1331 | H50: 5 | I50: 4 | J50: 78 | K50: 1019 | L50: 530 | M50: 0 | N50: 0 | O50: 519 | P50: 223 | Q50: 2098 | R50: 126 | S50: 115 | T50: 395 | U50: 109 | V50: 0 | W50: 761 | X50: 0 | Y50: 5 | Z50: 3 | AA50: 2170 | AB50: 2011 | AC50: 251 | AD50: 1 | AE50: 3573 | AF50: 0 | AG50: 7 | AH50: 0 | AI50: 925
A51: 166 | B51: 0 | C51: 23 | D51: 384 | E51: 170 | F51: 268 | G51: 592 | H51: 1008 | I51: 20 | J51: 7 | K51: 141 | L51: 0 | M51: 574 | N51: 258 | O51: 707 | P51: 1465 | Q51: 1092 | R51: 328 | S51: 395 | T51: 0 | U51: 0 | V51: 0 | W51: 221 | X51: 2 | Y51: 1568 | Z51: 2 | AA51: 2342 | AB51: 141 | AC51: 0 | AD51: 3 | AE51: 1390 | AF51: 6 | AG51: 3 | AH51: 0 | AI51: 345
A52: 167 | B52: 0 | C52: 2 | D52: 173 | E52: 11 | F52: 156 | G52: 241 | H52: 722 | I52: 265 | J52: 4 | K52: 878 | L52: 11 | M52: 278 | N52: 2363 | O52: 351 | P52: 1457 | Q52: 128 | R52: 281 | S52: 273 | T52: 2 | U52: 314 | V52: 0 | W52: 424 | X52: 1015 | Y52: 618 | Z52: 0 | AA52: 3443 | AB52: 383 | AC52: 389 | AD52: 33 | AE52: 201 | AF52: 6 | AG52: 54 | AH52: 0 | AI52: 2697
A53: 168 | B53: 0 | C53: 4592 | D53: 730 | E53: 0 | F53: 28 | G53: 101 | H53: 366 | I53: 207 | J53: 90 | K53: 64 | L53: 241 | M53: 0 | N53: 11 | O53: 424 | P53: 110 | Q53: 322 | R53: 4 | S53: 593 | T53: 1298 | U53: 597 | V53: 0 | W53: 233 | X53: 8 | Y53: 3 | Z53: 2 | AA53: 2131 | AB53: 2083 | AC53: 406 | AD53: 857 | AE53: 2872 | AF53: 12 | AG53: 1019 | AH53: 0 | AI53: 586
A54: 169 | B54: 3 | C54: 1317 | D54: 1015 | E54: 0 | F54: 1024 | G54: 2186 | H54: 248 | I54: 662 | J54: 228 | K54: 0 | L54: 178 | M54: 187 | N54: 1607 | O54: 1477 | P54: 618 | Q54: 1262 | R54: 944 | S54: 1781 | T54: 433 | U54: 996 | V54: 0 | W54: 886 | X54: 382 | Y54: 467 | Z54: 32 | AA54: 948 | AB54: 0 | AC54: 93 | AD54: 273 | AE54: 4688 | AF54: 237 | AG54: 14 | AH54: 2 | AI54: 29
A55: 170 | B55: 2 | C55: 1506 | D55: 2132 | E55: 1156 | F55: 360 | G55: 293 | H55: 43 | I55: 57 | J55: 62 | K55: 726 | L55: 0 | M55: 50 | N55: 2143 | O55: 85 | P55: 94 | Q55: 500 | R55: 894 | S55: 396 | T55: 26 | U55: 656 | V55: 0 | W55: 1533 | X55: 1366 | Y55: 174 | Z55: 344 | AA55: 681 | AB55: 1226 | AC55: 58 | AD55: 103 | AE55: 61 | AF55: 138 | AG55: 677 | AH55: 1 | AI55: 724
A56: 171 | B56: 3 | C56: 640 | D56: 34 | E56: 1486 | F56: 442 | G56: 2497 | H56: 48 | I56: 1091 | J56: 1289 | K56: 716 | L56: 132 | M56: 254 | N56: 82 | O56: 309 | P56: 1885 | Q56: 274 | R56: 234 | S56: 1805 | T56: 90 | U56: 1013 | V56: 0 | W56: 368 | X56: 3739 | Y56: 476 | Z56: 0 | AA56: 1895 | AB56: 623 | AC56: 1029 | AD56: 125 | AE56: 243 | AF56: 98 | AG56: 62 | AH56: 345 | AI56: 117
A57: 172 | B57: 2 | C57: 2968 | D57: 3310 | E57: 1726 | F57: 649 | G57: 0 | H57: 519 | I57: 929 | J57: 2857 | K57: 237 | L57: 1191 | M57: 2572 | N57: 1222 | O57: 144 | P57: 1230 | Q57: 486 | R57: 1946 | S57: 147 | T57: 12 | U57: 293 | V57: 240 | W57: 2214 | X57: 2594 | Y57: 83 | Z57: 16 | AA57: 2458 | AB57: 324 | AC57: 52 | AD57: 3 | AE57: 90 | AF57: 35 | AG57: 16 | AH57: 0 | AI57: 4585
... A63: 178 | B63: 35 | C63: 5845 | D63: 1001 | E63: 570 | F63: 1076 | G63: 3612 | H63: 241 | I63: 2753 | J63: 169 | K63: 1402 | L63: 603 | M63: 950 | N63: 674 | O63: 1432 | P63: 992 | Q63: 1539 | R63: 848 | S63: 2941 | T63: 1438 | U63: 34 | V63: 108 | W63: 3822 | X63: 1642 | Y63: 2499 | Z63: 4787 | AA63: 2869 | AB63: 1495 | AC63: 1454 | AD63: 707 | AE63: 256 | AF63: 268 | AG63: 459 | AH63: 57 | AI63: 695
A64: 179 | B64: 25 | C64: 5818 | D64: 1549 | E64: 2156 | F64: 945 | G64: 489 | H64: 530 | I64: 1711 | J64: 2536 | K64: 757 | L64: 2 | M64: 1270 | N64: 336 | O64: 181 | P64: 2763 | Q64: 1211 | R64: 319 | S64: 555 | T64: 1093 | U64: 198 | V64: 53 | W64: 1671 | X64: 3995 | Y64: 2293 | Z64: 705 | AA64: 5927 | AB64: 1693 | AC64: 2933 | AD64: 1187 | AE64: 774 | AF64: 308 | AG64: 993 | AH64: 372
A65: 180 | B65: 1144 | C65: 1254 | D65: 937 | E65: 3239 | F65: 5291 | G65: 545 | H65: 2162 | I65: 754 | J65: 3066 | K65: 2292 | L65: 994 | M65: 1239 | N65: 860 | O65: 311 | P65: 475 | Q65: 4090 | R65: 976 | S65: 539 | T65: 1205 | U65: 670 | V65: 1042 | W65: 1286 | X65: 1252 | Y65: 40 | Z65: 3098 | AA65: 4905 | AB65: 1683 | AC65: 1429 | AD65: 474 | AE65: 200 | AF65: 81 | AG65: 464 | AH65: 43 | AI65: 86
A66: 181 | B66: 8145 | C66: 1120 | D66: 1486 | E66: 4753 | F66: 3891 | G66: 2721 | H66: 3558 | I66: 7 | J66: 848 | K66: 841 | L66: 1062 | M66: 1741 | N66: 398 | O66: 1918 | P66: 2405 | Q66: 3672 | R66: 90 | S66: 528 | T66: 1086 | U66: 1300 | V66: 1481 | W66: 2706 | X66: 6 | Y66: 4877 | Z66: 54 | AA66: 2116 | AB66: 662 | AC66: 150 | AD66: 400 | AE66: 344 | AF66: 67 | AG66: 1551 | AH66: 2114 | AI66: 1857
A67: 182 | B67: 1775 | C67: 1393 | D67: 190 | E67: 2743 | F67: 2307 | G67: 822 | H67: 274 | I67: 1070 | J67: 218 | K67: 210 | L67: 520 | M67: 1979 | N67: 1101 | O67: 1453 | P67: 1208 | Q67: 1487 | R67: 0 | S67: 679 | T67: 3271 | U67: 1076 | V67: 849 | W67: 472 | X67: 434 | Y67: 3405 | Z67: 1083 | AA67: 1869 | AB67: 2575 | AC67: 1021 | AD67: 61 | AE67: 261 | AF67: 177 | AG67: 1188 | AH67: 903 | AI67: 3406
A68: 183 | B68: 604 | C68: 1449 | D68: 1100 | E68: 2707 | F68: 902 | G68: 218 | H68: 1551 | I68: 423 | J68: 1114 | K68: 50 | L68: 602 | M68: 512 | N68: 2379 | O68: 3161 | P68: 722 | Q68: 151 | R68: 882 | S68: 2405 | T68: 2067 | U68: 771 | V68: 53 | W68: 731 | X68: 1549 | Y68: 2075 | Z68: 470 | AA68: 1646 | AB68: 1566 | AC68: 2142 | AD68: 2611 | AE68: 3389 | AF68: 586 | AG68: 271 | AH68: 3657 | AI68: 1524
A69: 184 | B69: 2755 | C69: 1911 | D69: 2948 | E69: 6045 | F69: 170 | G69: 961 | H69: 2518 | I69: 822 | J69: 2057 | K69: 1348 | L69: 1639 | M69: 2130 | N69: 2260 | O69: 498 | P69: 1322 | Q69: 2446 | R69: 1670 | S69: 1544 | T69: 2256 | U69: 27 | V69: 1266 | W69: 1962 | X69: 437 | Y69: 2617 | Z69: 76 | AA69: 1543 | AB69: 801 | AC69: 3050 | AD69: 2817 | AE69: 1575 | AF69: 682 | AG69: 1208 | AH69: 1954 | AI69: 2609
A70: 185 | B70: 987 | C70: 3438 | D70: 2833 | E70: 390 | F70: 729 | G70: 733 | H70: 711 | I70: 764 | J70: 2292 | K70: 1148 | L70: 213 | M70: 4268 | N70: 1936 | O70: 47 | P70: 357 | Q70: 2719 | R70: 2124 | S70: 1516 | T70: 1917 | U70: 959 | V70: 2130 | W70: 2468 | X70: 3026 | Y70: 3967 | Z70: 245 | AA70: 6851 | AB70: 470 | AC70: 2584 | AD70: 2132 | AE70: 64 | AF70: 1272 | AG70: 2241 | AH70: 1687 | AI70: 2783
A71: 186 | B71: 94 | C71: 1374 | D71: 70 | E71: 132 | F71: 358 | G71: 624 | H71: 4638 | I71: 1178 | J71: 861 | K71: 1503 | L71: 26 | M71: 2016 | N71: 783 | O71: 302 | P71: 868 | Q71: 2436 | R71: 768 | S71: 396 | T71: 422 | U71: 844 | V71: 2173 | W71: 2828 | X71: 1856 | Y71: 77 | Z71: 1379 | AA71: 2436 | AB71: 6362 | AC71: 4133 | AD71: 1917 | AE71: 258 | AF71: 73 | AG71: 1754 | AH71: 1560 | AI71: 4445
A72: 187 | B72: 253 | C72: 76 | D72: 10 | E72: 1171 | F72: 451 | G72: 1929 | H72: 645 | I72: 791 | J72: 1821 | K72: 455 | L72: 3715 | M72: 719 | N72: 1 | O72: 1379 | P72: 1877 | Q72: 5246 | R72: 905 | S72: 1251 | T72: 753 | U72: 1210 | V72: 1032 | W72: 704 | X72: 1957 | Y72: 394 | Z72: 1178 | AA72: 4524 | AB72: 636 | AC72: 4155 | AD72: 2139 | AE72: 211 | AF72: 99 | AG72: 1015 | AH72: 45 | AI72: 3401
A73: 188 | B73: 490 | C73: 1684 | D73: 996 | E73: 1334 | F73: 364 | G73: 964 | H73: 1017 | I73: 1543 | J73: 1521 | K73: 1368 | L73: 2495 | M73: 2284 | N73: 456 | O73: 648 | P73: 7643 | Q73: 4917 | R73: 514 | S73: 2792 | T73: 3048 | U73: 1313 | V73: 411 | W73: 1180 | X73: 1474 | Y73: 218 | Z73: 3300 | AA73: 864 | AB73: 1723 | AC73: 648 | AD73: 1853 | AE73: 1356 | AF73: 7 | AG73: 2063 | AH73: 1962 | AI73: 1317
A74: 189 | B74: 3679 | C74: 930 | D74: 709 | E74: 833 | F74: 3178 | G74: 2382 | H74: 656 | I74: 598 | J74: 2323 | K74: 291 | L74: 2060 | M74: 131 | N74: 197 | O74: 1464 | P74: 2757 | Q74: 1004 | R74: 1066 | S74: 1632 | T74: 1706 | U74: 841 | V74: 700 | W74: 5 | X74: 990 | Y74: 5347 | Z74: 1727 | AA74: 439 | AB74: 4379 | AC74: 3282 | AD74: 3351 | AE74: 516 | AF74: 1 | AG74: 1766 | AH74: 1085 | AI74: 4294
A75: 190 | B75: 281 | C75: 3613 | D75: 2109 | E75: 5578 | F75: 1458 | G75: 1561 | H75: 164 | I75: 1707 | J75: 408 | K75: 58 | L75: 1830 | M75: 511 | N75: 1710 | O75: 807 | P75: 1583 | Q75: 34 | R75: 1197 | S75: 4175 | T75: 2758 | U75: 1987 | V75: 294 | W75: 1324 | X75: 1012 | Y75: 2921 | Z75: 882 | AA75: 332 | AB75: 1735 | AC75: 1772 | AD75: 1320 | AE75: 1512 | AF75: 233 | AG75: 430 | AH75: 3713 | AI75: 7707
A76: 191 | B76: 20 | C76: 4184 | D76: 1482 | E76: 3682 | F76: 562 | G76: 861 | H76: 1613 | I76: 327 | J76: 4559 | K76: 552 | L76: 614 | M76: 2556 | N76: 1028 | O76: 307 | P76: 58 | Q76: 248 | R76: 337 | S76: 450 | T76: 1223 | U76: 421 | V76: 568 | W76: 6550 | X76: 1140 | Y76: 4001 | Z76: 971 | AA76: 305 | AB76: 1336 | AC76: 1609 | AD76: 1303 | AE76: 4042 | AF76: 4225 | AG76: 305 | AH76: 1360 | AI76: 1487
... A90: 205 | B90: 2275 | C90: 70 | D90: 1366 | E90: 500 | F90: 3597 | G90: 1362 | H90: 2444 | I90: 432 | J90: 397 | K90: 637 | L90: 224 | M90: 214 | N90: 374 | O90: 331 | P90: 503 | Q90: 2383 | R90: 548 | S90: 726 | T90: 427 | U90: 670 | V90: 26 | W90: 1328 | X90: 721 | Y90: 621 | Z90: 199 | AA90: 1780 | AB90: 2216 | AC90: 2150 | AD90: 2733 | AE90: 176 | AF90: 309 | AG90: 755 | AH90: 571 | AI90: 1539
A91: 206 | B91: 4 | C91: 2758 | D91: 341 | E91: 101 | F91: 754 | G91: 901 | H91: 1848 | I91: 1938 | J91: 818 | K91: 699 | L91: 112 | M91: 67 | N91: 19 | O91: 1410 | P91: 15 | Q91: 2121 | R91: 2350 | S91: 188 | T91: 4285 | U91: 1370 | W91: 1212 | X91: 3469 | Y91: 789 | Z91: 657 | AA91: 700 | AB91: 2210 | AC91: 2030 | AD91: 396 | AE91: 1464 | AF91: 733 | AG91: 987 | AH91: 1430 | AI91: 2444 | AJ91: =SUM(B91:AI91)/SUM(B120:AI120) -> 0.017575111
A92: 207 | B92: 3378 | C92: 1649 | D92: 280 | E92: 578 | F92: 409 | G92: 1374 | H92: 2313 | I92: 122 | J92: 304 | K92: 847 | L92: 220 | M92: 784 | N92: 434 | O92: 1530 | P92: 203 | Q92: 2286 | R92: 569 | S92: 216 | T92: 2658 | U92: 430 | W92: 2733 | X92: 1148 | Y92: 788 | Z92: 3074 | AA92: 3110 | AB92: 3527 | AC92: 1292 | AD92: 461 | AE92: 1069 | AF92: 644 | AG92: 1588 | AH92: 2882 | AI92: 1058
A93: 208 | B93: 484 | C93: 1136 | D93: 1118 | E93: 300 | F93: 497 | G93: 1259 | H93: 2443 | I93: 554 | J93: 784 | K93: 973 | L93: 710 | M93: 1977 | N93: 1378 | O93: 1453 | P93: 97 | Q93: 730 | R93: 656 | S93: 1150 | T93: 202 | U93: 135 | W93: 291 | X93: 71 | Y93: 609 | Z93: 4320 | AA93: 1242 | AB93: 4920 | AC93: 2615 | AD93: 230 | AE93: 1444 | AF93: 569 | AG93: 1090 | AH93: 1912 | AI93: 2582
A94: 209 | B94: 219 | C94: 2267 | D94: 153 | F94: 628 | G94: 2463 | H94: 2784 | I94: 774 | J94: 629 | K94: 1177 | L94: 1084 | M94: 1514 | N94: 1626 | O94: 555 | P94: 69 | Q94: 1144 | R94: 944 | S94: 493 | T94: 919 | U94: 2043 | W94: 403 | X94: 488 | Y94: 367 | Z94: 2317 | AA94: 2223 | AB94: 347 | AC94: 1498 | AD94: 504 | AE94: 1626 | AF94: 1627 | AG94: 1549 | AH94: 1702 | AI94: 2040
A95: 210 | B95: 1113 | C95: 1654 | F95: 496 | G95: 544 | H95: 492 | I95: 806 | J95: 740 | K95: 639 | L95: 1005 | M95: 544 | N95: 1571 | O95: 723 | P95: 236 | Q95: 824 | R95: 90 | S95: 176 | T95: 2258 | U95: 511 | W95: 652 | X95: 518 | Y95: 1395 | Z95: 2265 | AA95: 1223 | AB95: 2404 | AC95: 1998 | AD95: 347 | AE95: 2043 | AF95: 490 | AG95: 1063 | AH95: 1474 | AI95: 873
A96: 211 | B96: 948 | C96: 473 | F96: 957 | G96: 198 | H96: 2398 | I96: 1847 | J96: 585 | K96: 859 | L96: 549 | M96: 219 | N96: 583 | O96: 1317 | P96: 1108 | Q96: 639 | R96: 782 | S96: 132 | T96: 2218 | U96: 2755 | W96: 263 | X96: 426 | Y96: 739 | Z96: 2548 | AA96: 443 | AB96: 41 | AC96: 2155 | AD96: 328 | AE96: 2542 | AF96: 642 | AG96: 807 | AH96: 1247 | AI96: 3361
A97: 212 | B97: 1074 | C97: 458 | F97: 309 | G97: 1155 | H97: 378 | I97: 1300 | J97: 77 | K97: 489 | L97: 652 | M97: 369 | N97: 1031 | O97: 337 | P97: 215 | Q97: 2992 | R97: 77 | S97: 457 | T97: 1151 | U97: 1242 | W97: 94 | X97: 36 | Y97: 513 | Z97: 643 | AA97: 1218 | AB97: 779 | AC97: 3914 | AD97: 308 | AE97: 1503 | AF97: 623 | AG97: 226 | AH97: 1162 | AI97: 789
A98: 213 | B98: 377 | C98: 737 | F98: 1859 | G98: 733 | H98: 892 | I98: 701 | J98: 881 | K98: 400 | L98: 907 | M98: 569 | N98: 170 | O98: 454 | P98: 517 | Q98: 2474 | R98: 92 | T98: 427 | U98: 1683 | W98: 459 | X98: 10 | Y98: 332 | Z98: 1152 | AA98: 327 | AB98: 1625 | AC98: 2725 | AD98: 288 | AE98: 1834 | AF98: 432 | AG98: 876 | AH98: 710 | AI98: 2822
A99: 214 | B99: 101 | C99: 1188 | F99: 1346 | G99: 1975 | H99: 429 | I99: 653 | J99: 310 | K99: 322 | L99: 673 | M99: 933 | N99: 70 | O99: 363 | P99: 351 | Q99: 955 | R99: 597 | T99: 2945 | U99: 845 | W99: 430 | X99: 135 | Y99: 518 | Z99: 591 | AA99: 250 | AB99: 1680 | AC99: 1235 | AD99: 248 | AE99: 1727 | AF99: 48 | AG99: 1695 | AH99: 1136 | AI99: 1568
A100: 215 | B100: 1319 | C100: 1013 | F100: 908 | G100: 2139 | H100: 944 | I100: 229 | J100: 1713 | K100: 409 | L100: 1177 | M100: 3135 | N100: 465 | O100: 855 | P100: 798 | Q100: 1759 | R100: 553 | T100: 1354 | U100: 436 | W100: 1124 | X100: 135 | Y100: 229 | Z100: 1691 | AA100: 181 | AB100: 1563 | AC100: 1616 | AD100: 239 | AE100: 1516 | AF100: 113 | AG100: 321 | AH100: 744 | AI100: 1122
A101: 216 | B101: 57 | C101: 1045 | F101: 816 | G101: 1399 | H101: 882 | J101: 991 | K101: 331 | L101: 285 | M101: 935 | N101: 276 | O101: 507 | P101: 868 | Q101: 1222 | R101: 209 | T101: 531 | U101: 656 | W101: 908 | X101: 150 | Y101: 1913 | Z101: 871 | AA101: 87 | AB101: 681 | AC101: 661 | AD101: 517 | AE101: 1679 | AF101: 125 | AG101: 1372 | AH101: 565 | AI101: 1681
A102: 217 | B102: 445 | C102: 250 | F102: 441 | G102: 687 | J102: 708 | K102: 152 | L102: 464 | M102: 459 | N102: 495 | O102: 615 | P102: 828 | Q102: 651 | R102: 112 | T102: 749 | U102: 1428 | W102: 594 | Y102: 265 | Z102: 2393 | AB102: 1042 | AC102: 255 | AD102: 464 | AE102: 582 | AF102: 213 | AG102: 1461 | AH102: 386 | AI102: 1250
A103: 218 | B103: 323 | C103: 562 | F103: 217 | J103: 905 | K103: 628 | M103: 493 | N103: 376 | O103: 117 | P103: 127 | Q103: 530 | R103: 590 | T103: 1185 | U103: 2122 | Y103: 1095 | Z103: 702 | AC103: 503 | AD103: 1195 | AE103: 1239 | AF103: 436 | AG103: 2356 | AH103: 193 | AI103: 2180
A104: 219 | B104: 323 | C104: 195 | J104: 1831 | K104: 510 | N104: 265 | O104: 27 | P104: 31 | Q104: 807 | R104: 101 | T104: 1458 | U104: 1049 | Y104: 136 | Z104: 164 | AC104: 59 | AD104: 1708 | AE104: 2037 | AF104: 54 | AG104: 2901 | AH104: 220 | AI104: 2470
A105: 220 | B105: 7 | C105: 313 | N105: 361 | O105: 60 | Q105: 867 | R105: 98 | T105: 1892 | U105: 1018 | Z105: 159 | AD105: 717 | AE105: 310 | AG105: 1500 | AH105: 61 | AI105: 1603
A106: 221 | B106: 76 | C106: 255 | N106: 193 | R106: 182 | T106: 492 | U106: 885 | AD106: 433 | AE106: 964 | AG106: 1206 | AI106: 2353
A107: 222 | B107: 15 | C107: 242 | T107: 410 | U107: 1017 | AD107: 393 | AE107: 848 | AG107: 576
A108: 223 | B108: 44 | C108: 213 | T108: 505 | U108: 330 | AD108: 459
A109: 224 | B109: 64 | C109: 67 | T109: 2114 | U109: 1032 | AD109: 272
A110: 225 | B110: 81 | C110: 332 | T110: 3801 | U110: 256
A111: 226 | B111: 56 | C111: 174 | T111: 614
A112: 227 | B112: 123 | C112: 227 | T112: 678
A113: 228 | B113: 98 | C113: 234
A114: 229 | B114: 50 | C114: 11
A115: 230 | B115: 38
A116: 231 | B116: 30
A117: 232 | B117: 19
A118: 233 | B118: 28
A119: 234 | B119: 9
...

Sheet global_missfill (Chilkat)
A1: Raw sockeye salmon counts; includes all count types, all maturity types.
A2: global missfill from R code | H2: Examples
A3: imputes all NAs in all years iteratively | H3: =(SUM(B104:F104)*SUM(F7:F153))/SUM(B7:F153) -> 3.2846524
A5: DAILY COUNTS:
A6: Date | B6: 2021 | C6: 2022 | D6: 2023 | E6: 2024 | F6: 2025
A7: 140
A8: 141
A9: 142
A10: 143
A11: 144
A12: 145
A13: 146
A14: 147
A15: 148
A16: 149
A17: 150
A18: 151
... A30: 163
A31: 164 | C31: 0 | E31: 0
A32: 165 | C32: 0 | E32: 0
A33: 166 | C33: 0 | E33: 0
A34: 167 | C34: 0 | D34: 0 | E34: 0
A35: 168 | C35: 0 | D35: 0 | E35: 0
A36: 169 | C36: 0 | D36: 0 | E36: 0
A37: 170 | C37: 0 | D37: 0 | E37: 0
A38: 171 | B38: 0 | C38: 0 | D38: 0 | E38: 0 | F38: 0
A39: 172 | B39: 0 | C39: 0 | D39: 0 | E39: 0 | F39: 0
A40: 173 | B40: 0 | C40: 0 | D40: 0 | E40: 0 | F40: 0
A41: 174 | B41: 0 | C41: 0 | D41: 0 | E41: 0 | F41: 0
A42: 175 | B42: 0 | C42: 0 | D42: 0 | E42: 0 | F42: 0
A43: 176 | B43: 0 | C43: 0 | D43: 0 | E43: 0 | F43: 0
A44: 177 | B44: 0 | C44: 0 | D44: 0 | E44: 0 | F44: 0
A45: 178 | B45: 0 | C45: 0 | D45: 0 | E45: 0 | F45: 0
A46: 179 | B46: 0 | C46: 0 | D46: 0 | E46: 0 | F46: 0
A47: 180 | B47: 0 | C47: 0 | D47: 0 | E47: 0 | F47: 0
A48: 181 | B48: 0 | C48: 0 | D48: 0 | E48: 0 | F48: 0
A49: 182 | B49: 0 | C49: 0 | D49: 0 | E49: 0 | F49: 0
... A153: 286 | B153: 118 | C153: 43.66709 | D153: 66.086999 | E153: 169.73853 | F153: 100.4327
A155: Subtotal | B155: =SUM(B7:B153) -> 8274 | C155: =SUM(C7:C149) -> 2749 | D155: =SUM(D7:D148) -> 4006 | E155: =SUM(E7:E151) -> 11471 | F155: =SUM(F7:F103,F117:F152) -> 6916
A156: Total | B156: =SUM(B39:B153) -> 8274 | C156: =SUM(C39:C149) -> 2749 | D156: =SUM(D39:D148) -> 4006 | E156: =SUM(E39:E151) -> 11471 | F156: =SUM(F39:F152) -> 6941.7719
A157: Global missfill | B157: =B156-B155 -> 0 | C157: =C156-C155 -> 0 | D157: =D156-D155 -> 0 | E157: =E156-E155 -> 0 | F157: =F156-F155 -> 25.771888
A158: % Missfill | B158: =B157/B156 -> 0 | C158: =C157/C156 -> 0 | D158: =D157/D156 -> 0 | E158: =E157/E156 -> 0 | F158: =F157/F156 -> 0.0037125806

Sheet global_missfill
A1: Raw sockeye salmon counts; includes all count types, all maturity types.
A2: global missfill from R code | H2: Examples
A3: imputes all NAs in all years iteratively | H3: =(SUM(B16:AI16)*SUM(G7:G120))/SUM(B7:AI120) -> 0.036883881 | I3: =(SUM(B92:AI92)*SUM(V7:V120))/SUM(B7:AI120) -> 493.90061
A5: DAILY COUNTS:
A6: Date | B6: 1988 | C6: 1989 | D6: 1990 | E6: 1991 | F6: 1992 | G6: 1993 | H6: 1994 | I6: 1995 | J6: 1996 | K6: 1997 | L6: 1998 | M6: 1999 | N6: 2000 | O6: 2001 | P6: 2002 | Q6: 2003 | R6: 2004 | S6: 2005 | T6: 2006 | U6: 2007 | V6: 2008 | W6: 2009 | X6: 2010 | Y6: 2011 | Z6: 2012 | AA6: 2013 | AB6: 2014 | AC6: 2015 | AD6: 2016 | AE6: 2017 | AF6: 2018 | AG6: 2019 | AH6: 2020 | AI6: 2021
A7: 121 | B7: 0 | C7: 0 | D7: 0 | E7: 0 | F7: 0 | G7: 0 | H7: 0 | I7: 0 | J7: 0 | K7: 0 | L7: 0 | M7: 0 | N7: 0 | O7: 0 | P7: 0 | Q7: 0 | R7: 0 | S7: 0 | T7: 0 | U7: 0 | V7: 0 | W7: 0 | X7: 0 | Y7: 0 | Z7: 0 | AA7: 0 | AB7: 0 | AC7: 0 | AD7: 0 | AE7: 0 | AF7: 0 | AG7: 0 | AH7: 0 | AI7: 0
A8: 122 | B8: 0 | C8: 0 | D8: 0 | E8: 0 | F8: 0 | G8: 0 | H8: 0 | I8: 0 | J8: 0 | K8: 0 | L8: 0 | M8: 0 | N8: 0 | O8: 0 | P8: 0 | Q8: 0 | R8: 0 | S8: 0 | T8: 0 | U8: 0 | V8: 0 | W8: 0 | X8: 0 | Y8: 0 | Z8: 0 | AA8: 0 | AB8: 0 | AC8: 0 | AD8: 0 | AE8: 0 | AF8: 0 | AG8: 0 | AH8: 0 | AI8: 0
A9: 123 | B9: 0 | C9: 0 | D9: 0 | E9: 0 | F9: 0 | G9: 0 | H9: 0 | I9: 0 | J9: 0 | K9: 0 | L9: 0 | M9: 0 | N9: 0 | O9: 0 | P9: 0 | Q9: 0 | R9: 0 | S9: 0 | T9: 0 | U9: 0 | V9: 0 | W9: 0 | X9: 0 | Y9: 0 | Z9: 0 | AA9: 0 | AB9: 0 | AC9: 0 | AD9: 0 | AE9: 0 | AF9: 0 | AG9: 0 | AH9: 0 | AI9: 0
A10: 124 | B10: 0 | C10: 0 | D10: 0 | E10: 0 | F10: 0 | G10: 0 | H10: 0 | I10: 0 | J10: 0 | K10: 0 | L10: 0 | M10: 0 | N10: 0 | O10: 0 | P10: 0 | Q10: 0 | R10: 0 | S10: 0 | T10: 0 | U10: 0 | V10: 0 | W10: 0 | X10: 0 | Y10: 0 | Z10: 0 | AA10: 0 | AB10: 0 | AC10: 0 | AD10: 0 | AE10: 0 | AF10: 0 | AG10: 0 | AH10: 0 | AI10: 0
A11: 125 | B11: 0 | C11: 0 | D11: 0 | E11: 0 | F11: 0 | G11: 0 | H11: 0 | I11: 0 | J11: 0 | K11: 0 | L11: 0 | M11: 0 | N11: 0 | O11: 0 | P11: 0 | Q11: 0 | R11: 0 | S11: 0 | T11: 0 | U11: 0 | V11: 0 | W11: 0 | X11: 0 | Y11: 0 | Z11: 0 | AA11: 0 | AB11: 0 | AC11: 0 | AD11: 0 | AE11: 0 | AF11: 0 | AG11: 0 | AH11: 0 | AI11: 0
A12: 126 | B12: 0 | C12: 0 | D12: 0 | E12: 0 | F12: 0 | G12: 0 | H12: 0 | I12: 0 | J12: 0 | K12: 0 | L12: 0 | M12: 0 | N12: 0 | O12: 0 | P12: 0 | Q12: 0 | R12: 0 | S12: 0 | T12: 0 | U12: 0 | V12: 0 | W12: 0 | X12: 0 | Y12: 0 | Z12: 0 | AA12: 0 | AB12: 0 | AC12: 0 | AD12: 0 | AE12: 0 | AF12: 0 | AG12: 0 | AH12: 0 | AI12: 0
A13: 127 | B13: 0 | C13: 0 | D13: 0 | E13: 0 | F13: 0 | G13: 0 | H13: 0 | I13: 0 | J13: 0 | K13: 0 | L13: 0 | M13: 0 | N13: 0 | O13: 0 | P13: 0 | Q13: 0 | R13: 0 | S13: 0 | T13: 0 | U13: 0 | V13: 0 | W13: 0 | X13: 0 | Y13: 0 | Z13: 0 | AA13: 0 | AB13: 0 | AC13: 0 | AD13: 0 | AE13: 0 | AF13: 0 | AG13: 0 | AH13: 0 | AI13: 0
A14: 128 | B14: 0 | C14: 0 | D14: 0 | E14: 0 | F14: 0 | G14: 0 | H14: 0 | I14: 0 | J14: 0 | K14: 0 | L14: 0 | M14: 0 | N14: 0 | O14: 0 | P14: 0 | Q14: 0 | R14: 0 | S14: 0 | T14: 0 | U14: 0 | V14: 0 | W14: 0 | X14: 0 | Y14: 0 | Z14: 0 | AA14: 0 | AB14: 0 | AC14: 0 | AD14: 0 | AE14: 0 | AF14: 0 | AG14: 0 | AH14: 0 | AI14: 0
A15: 129 | B15: 0 | C15: 0 | D15: 0 | E15: 0 | F15: 0 | G15: 0 | H15: 0 | I15: 0 | J15: 0 | K15: 0 | L15: 0 | M15: 0 | N15: 0 | O15: 0 | P15: 0 | Q15: 0 | R15: 0 | S15: 0 | T15: 0 | U15: 0 | V15: 0 | W15: 0 | X15: 0 | Y15: 0 | Z15: 0 | AA15: 0 | AB15: 0 | AC15: 0 | AD15: 0 | AE15: 0 | AF15: 0 | AG15: 0 | AH15: 0 | AI15: 0
A16: 130 | B16: 0.024816098 | C16: 0.04443311 | D16: 0 | E16: 0 | F16: 0 | G16: 0.036883877 | H16: 0.04235674 | I16: 0 | J16: 0 | K16: 0 | L16: 0 | M16: 0 | N16: 0 | O16: 0 | P16: 0 | Q16: 0 | R16: 0 | S16: 0 | T16: 0 | U16: 0 | V16: 0.0158472 | W16: 0 | X16: 0 | Y16: 0 | Z16: 0.034927718 | AA16: 0.069412564 | AB16: 1 | AC16: 0 | AD16: 0 | AE16: 0 | AF16: 0.015073546 | AG16: 0 | AH16: 0.03542188 | AI16: 0
A17: 131 | B17: 0.048857934 | C17: 0.087479908 | D17: 0 | E17: 0 | F17: 0 | G17: 0.072616979 | H17: 0.083391951 | I17: 0 | J17: 0 | K17: 0 | L17: 0 | M17: 0 | N17: 0 | O17: 0 | P17: 0 | Q17: 0 | R17: 0 | S17: 0 | T17: 0 | U17: 0 | V17: 0 | W17: 0 | X17: 0 | Y17: 0 | Z17: 0.068765693 | AA17: 0.13665946 | AB17: 2 | AC17: 0 | AD17: 0 | AE17: 0 | AF17: 0.029676799 | AG17: 0 | AH17: 0.069738598 | AI17: 0
A18: 132 | B18: 0.024428967 | C18: 0.043739954 | D18: 0 | E18: 0 | F18: 0 | G18: 0.036308489 | H18: 0.041695976 | I18: 0 | J18: 0 | K18: 0 | L18: 0 | M18: 0 | N18: 0 | O18: 0 | P18: 0 | Q18: 0 | R18: 0 | S18: 0 | T18: 0 | U18: 0 | V18: 0 | W18: 0 | X18: 0 | Y18: 0 | Z18: 0.034382847 | AA18: 0.068329729 | AB18: 1 | AC18: 0 | AD18: 0 | AE18: 0 | AF18: 0.014838399 | AG18: 0 | AH18: 0.034869299 | AI18: 0
... A120: 234 | B120: 9 | C120: 15.688774 | D120: 14.008996 | E120: 16.23681 | F120: 15.483867 | G120: 13.024971 | H120: 14.958048 | I120: 8.8641861 | J120: 12.213743 | K120: 8.3827294 | L120: 10.329112 | M120: 12.421134 | N120: 8.1240704 | O120: 11.916707 | P120: 13.711511 | Q120: 17.72178 | R120: 8.4620598 | S120: 14.481018 | T120: 16.85519 | U120: 11.627441 | V120: 5.5983932 | W120: 17.161918 | X120: 11.046241 | Y120: 17.936727 | Z120: 12.340389 | AA120: 24.524947 | AB120: 21.056551 | AC120: 18.966812 | AD120: 10.850759 | AE120: 17.691532 | AF120: 5.3268537 | AG120: 14.087177 | AH120: 12.518279 | AI120: 23.61928
A122: Subtotal | B122: =raw_data!B120 -> 46404 | C122: =raw_data!C120 -> 84383 | D122: =raw_data!D120 -> 61375 | E122: =raw_data!E120 -> 69737 | F122: =raw_data!F120 -> 76733 | G122: =raw_data!G120 -> 62110 | H122: =raw_data!H120 -> 72474 | I122: =raw_data!I120 -> 42463 | ... AI122: =raw_data!AI120 -> 118209
A123: Total | B123: =SUM(B7:B120) -> 47252.758 | C123: =SUM(C7:C120) -> 84606.074 | D123: =SUM(D7:D120) -> 75544.831 | E123: =SUM(E7:E120) -> 87555.862 | F123: =SUM(F7:F120) -> 83492.732 | G123: =SUM(G7:G120) -> 70231.416 | H123: =SUM(H7:H120) -> 80652.416 | I123: =SUM(I7:I120) -> 47793.328 | ... AI123: =SUM(AI7:AI120) -> 127255.64
A124: Global missfill | B124: =B123-B122 -> 848.7581 | C124: =C123-C122 -> 223.07446 | D124: =D123-D122 -> 14169.831 | E124: =E123-E122 -> 17818.862 | F124: =F123-F122 -> 6759.7321 | G124: =G123-G122 -> 8121.4158 | H124: =H123-H122 -> 8178.4157 | I124: =I123-I122 -> 5330.3283 | ... AI124: =AI123-AI122 -> 9046.6361
A125: % Missfill | B125: =B124/B123 -> 0.017962086 | C125: =C124/C123 -> 0.0026366246 | D125: =D124/D123 -> 0.1875685 | E125: =E124/E123 -> 0.20351421 | F125: =F124/F123 -> 0.080961922 | G125: =G124/G123 -> 0.11563793 | H125: =H124/H123 -> 0.10140323 | I125: =I124/I123 -> 0.11152871 | ... AI125: =AI124/AI123 -> 0.071090259 | AK125: =MIN(B125:AI125) -> 0.0026366246 | AL125: =MAX(B125:AI125) -> 0.25368698 | AM125: =AVERAGE(B125:AI125) -> 0.081076492

Sheet local_missfill
A1: Raw sockeye salmon counts; includes all count types, all maturity types.
A2: local missfill from R code | H2: Examples
A3: imputes a 10-year rolling imputation (prev & following 5 years) | H3: =(SUM(B16:L16)*SUM(G7:G120))/SUM(B7:L120) -> 0 | I3: =(SUM(Q92:AA92)*SUM(V7:V120))/SUM(Q7:AA120) -> 627.28346
A5: DAILY COUNTS:
A6: Date | B6: 1988 | C6: 1989 | D6: 1990 | E6: 1991 | F6: 1992 | G6: 1993 | H6: 1994 | I6: 1995 | J6: 1996 | K6: 1997 | L6: 1998 | M6: 1999 | N6: 2000 | O6: 2001 | P6: 2002 | Q6: 2003 | R6: 2004 | S6: 2005 | T6: 2006 | U6: 2007 | V6: 2008 | W6: 2009 | X6: 2010 | Y6: 2011 | Z6: 2012 | AA6: 2013 | AB6: 2014 | AC6: 2015 | AD6: 2016 | AE6: 2017 | AF6: 2018 | AG6: 2019 | AH6: 2020 | AI6: 2021
A7: 121 | B7: 0 | C7: 0 | D7: 0 | E7: 0 | F7: 0 | G7: 0 | H7: 0 | I7: 0 | J7: 0 | K7: 0 | L7: 0 | M7: 0 | N7: 0 | O7: 0 | P7: 0 | Q7: 0 | R7: 0 | S7: 0 | T7: 0 | U7: 0 | V7: 0 | W7: 0 | X7: 0 | Y7: 0 | Z7: 0 | AA7: 0 | AB7: 0 | AC7: 0 | AD7: 0 | AE7: 0 | AF7: 0 | AG7: 0 | AH7: 0 | AI7: 0
A8: 122 | B8: 0 | C8: 0 | D8: 0 | E8: 0 | F8: 0 | G8: 0 | H8: 0 | I8: 0 | J8: 0 | K8: 0 | L8: 0 | M8: 0 | N8: 0 | O8: 0 | P8: 0 | Q8: 0 | R8: 0 | S8: 0 | T8: 0 | U8: 0 | V8: 0 | W8: 0 | X8: 0 | Y8: 0 | Z8: 0 | AA8: 0 | AB8: 0 | AC8: 0 | AD8: 0 | AE8: 0 | AF8: 0 | AG8: 0 | AH8: 0 | AI8: 0
A9: 123 | B9: 0 | C9: 0 | D9: 0 | E9: 0 | F9: 0 | G9: 0 | H9: 0 | I9: 0 | J9: 0 | K9: 0 | L9: 0 | M9: 0 | N9: 0 | O9: 0 | P9: 0 | Q9: 0 | R9: 0 | S9: 0 | T9: 0 | U9: 0 | V9: 0 | W9: 0 | X9: 0 | Y9: 0 | Z9: 0 | AA9: 0 | AB9: 0 | AC9: 0 | AD9: 0 | AE9: 0 | AF9: 0 | AG9: 0 | AH9: 0 | AI9: 0
A10: 124 | B10: 0 | C10: 0 | D10: 0 | E10: 0 | F10: 0 | G10: 0 | H10: 0 | I10: 0 | J10: 0 | K10: 0 | L10: 0 | M10: 0 | N10: 0 | O10: 0 | P10: 0 | Q10: 0 | R10: 0 | S10: 0 | T10: 0 | U10: 0 | V10: 0 | W10: 0 | X10: 0 | Y10: 0 | Z10: 0 | AA10: 0 | AB10: 0 | AC10: 0 | AD10: 0 | AE10: 0 | AF10: 0 | AG10: 0 | AH10: 0 | AI10: 0
A11: 125 | B11: 0 | C11: 0 | D11: 0 | E11: 0 | F11: 0 | G11: 0 | H11: 0 | I11: 0 | J11: 0 | K11: 0 | L11: 0 | M11: 0 | N11: 0 | O11: 0 | P11: 0 | Q11: 0 | R11: 0 | S11: 0 | T11: 0 | U11: 0 | V11: 0 | W11: 0 | X11: 0 | Y11: 0 | Z11: 0 | AA11: 0 | AB11: 0 | AC11: 0 | AD11: 0 | AE11: 0 | AF11: 0 | AG11: 0 | AH11: 0 | AI11: 0
A12: 126 | B12: 0 | C12: 0 | D12: 0 | E12: 0 | F12: 0 | G12: 0 | H12: 0 | I12: 0 | J12: 0 | K12: 0 | L12: 0 | M12: 0 | N12: 0 | O12: 0 | P12: 0 | Q12: 0 | R12: 0 | S12: 0 | T12: 0 | U12: 0 | V12: 0 | W12: 0 | X12: 0 | Y12: 0 | Z12: 0 | AA12: 0 | AB12: 0 | AC12: 0 | AD12: 0 | AE12: 0 | AF12: 0 | AG12: 0 | AH12: 0 | AI12: 0
A13: 127 | B13: 0 | C13: 0 | D13: 0 | E13: 0 | F13: 0 | G13: 0 | H13: 0 | I13: 0 | J13: 0 | K13: 0 | L13: 0 | M13: 0 | N13: 0 | O13: 0 | P13: 0 | Q13: 0 | R13: 0 | S13: 0 | T13: 0 | U13: 0 | V13: 0 | W13: 0 | X13: 0 | Y13: 0 | Z13: 0 | AA13: 0 | AB13: 0 | AC13: 0 | AD13: 0 | AE13: 0 | AF13: 0 | AG13: 0 | AH13: 0 | AI13: 0
A14: 128 | B14: 0 | C14: 0 | D14: 0 | E14: 0 | F14: 0 | G14: 0 | H14: 0 | I14: 0 | J14: 0 | K14: 0 | L14: 0 | M14: 0 | N14: 0 | O14: 0 | P14: 0 | Q14: 0 | R14: 0 | S14: 0 | T14: 0 | U14: 0 | V14: 0 | W14: 0 | X14: 0 | Y14: 0 | Z14: 0 | AA14: 0 | AB14: 0 | AC14: 0 | AD14: 0 | AE14: 0 | AF14: 0 | AG14: 0 | AH14: 0 | AI14: 0
A15: 129 | B15: 0 | C15: 0 | D15: 0 | E15: 0 | F15: 0 | G15: 0 | H15: 0 | I15: 0 | J15: 0 | K15: 0 | L15: 0 | M15: 0 | N15: 0 | O15: 0 | P15: 0 | Q15: 0 | R15: 0 | S15: 0 | T15: 0 | U15: 0 | V15: 0 | W15: 0 | X15: 0 | Y15: 0 | Z15: 0 | AA15: 0 | AB15: 0 | AC15: 0 | AD15: 0 | AE15: 0 | AF15: 0 | AG15: 0 | AH15: 0 | AI15: 0
A16: 130 | B16: 0 | C16: 0 | D16: 0 | E16: 0 | F16: 0 | G16: 0 | H16: 0 | I16: 0 | J16: 0 | K16: 0 | L16: 0 | M16: 0 | N16: 0 | O16: 0 | P16: 0 | Q16: 0 | R16: 0 | S16: 0 | T16: 0 | U16: 0 | V16: 0.010985719 | W16: 0 | X16: 0 | Y16: 0 | Z16: 0.095840931 | AA16: 0.20435248 | AB16: 1 | AC16: 0 | AD16: 0 | AE16: 0 | AF16: 0.045181769 | AG16: 0 | AH16: 0.0062838543 | AI16: 0
A17: 131 | B17: 0 | C17: 0 | D17: 0 | E17: 0 | F17: 0 | G17: 0 | H17: 0 | I17: 0 | J17: 0 | K17: 0 | L17: 0 | M17: 0 | N17: 0 | O17: 0 | P17: 0 | Q17: 0 | R17: 0 | S17: 0 | T17: 0 | U17: 0 | V17: 0 | W17: 0 | X17: 0 | Y17: 0 | Z17: 0.18961063 | AA17: 0.4044115 | AB17: 2 | AC17: 0 | AD17: 0 | AE17: 0 | AF17: 0.090202466 | AG17: 0 | AH17: 0.012545307 | AI17: 0
A18: 132 | B18: 0 | C18: 0 | D18: 0 | E18: 0 | F18: 0 | G18: 0 | H18: 0 | I18: 0 | J18: 0 | K18: 0 | L18: 0 | M18: 0 | N18: 0 | O18: 0 | P18: 0 | Q18: 0 | R18: 0 | S18: 0 | T18: 0 | U18: 0 | V18: 0 | W18: 0 | X18: 0 | Y18: 0 | Z18: 0.094805313 | AA18: 0.20220575 | AB18: 1 | AC18: 0 | AD18: 0 | AE18: 0 | AF18: 0.045101233 | AG18: 0 | AH18: 0.0062726535 | AI18: 0
... A120: 234 | B120: 9 | C120: 13.298383 | D120: 11.374735 | E120: 13.150018 | F120: 12.460869 | G120: 10.161611 | H120: 11.58547 | I120: 6.8163179 | J120: 9.2767486 | K120: 6.2474265 | L120: 7.480792 | M120: 8.8879711 | N120: 5.7565394 | O120: 8.2930536 | P120: 9.3983364 | Q120: 12.033289 | R120: 5.6722376 | S120: 9.4870097 | T120: 10.769794 | U120: 7.3799415 | V120: 3.5223049 | W120: 10.79015 | X120: 6.8977158 | Y120: 11.110098 | Z120: 7.5476989 | AA120: 14.934577 | AB120: 12.868011 | AC120: 11.499123 | AD120: 6.5219954 | AE120: 10.639053 | AF120: 3.2183082 | AG120: 8.4515369 | AH120: 7.5375563 | AI120: 14.021861
A122: Subtotal | B122: =raw_data!B120 -> 46404 | C122: =raw_data!C120 -> 84383 | D122: =raw_data!D120 -> 61375 | E122: =raw_data!E120 -> 69737 | F122: =raw_data!F120 -> 76733 | G122: =raw_data!G120 -> 62110 | H122: =raw_data!H120 -> 72474 | I122: =raw_data!I120 -> 42463 | ... AI122: =raw_data!AI120 -> 118209
A123: Total | B123: =SUM(B7:B120) -> 46461.904 | C123: =SUM(C7:C120) -> 84566.288 | D123: =SUM(D7:D120) -> 72752.491 | E123: =SUM(E7:E120) -> 84839.027 | F123: =SUM(F7:F120) -> 80908.638 | G123: =SUM(G7:G120) -> 66564.961 | H123: =SUM(H7:H120) -> 78081.875 | I123: =SUM(I7:I120) -> 46627.031 | ... AI123: =SUM(AI7:AI120) -> 127823.03
A124: local missfill | B124: =B123-B122 -> 57.903515 | C124: =C123-C122 -> 183.28836 | D124: =D123-D122 -> 11377.491 | E124: =E123-E122 -> 15102.027 | F124: =F123-F122 -> 4175.6378 | G124: =G123-G122 -> 4454.9609 | H124: =H123-H122 -> 5607.8753 | I124: =I123-I122 -> 4164.0313 | ... AI124: =AI123-AI122 -> 9614.0253
A125: % Missfill | B125: =B124/B123 -> 0.0012462579 | C125: =C124/C123 -> 0.0021673927 | D125: =D124/D123 -> 0.15638628 | E125: =E124/E123 -> 0.17800801 | F125: =F124/F123 -> 0.051609296 | G125: =G124/G123 -> 0.066926516 | H125: =H124/H123 -> 0.071820448 | I125: =I124/I123 -> 0.089305092 | ... AI125: =AI124/AI123 -> 0.075213564 | AK125: =MIN(B125:AI125) -> 0.0012462579 | AL125: =MAX(B125:AI125) -> 0.26048787 | AM125: =AVERAGE(B125:AI125) -> 0.081911363
